,Optimistic,Base,Pessimistic
GDP_Growth_Forecast,3.5701461521730002,3.164122392709592,2.320999743686938
Inflation_Forecast,9.895749295773207,13.059491044736573,17.201485648877064
