,GDP_Growth_Forecast,Inflation_Forecast
2025,3.164122392709592,18.387181461289018
2026,1.493802146968207,16.905061695774076
2027,2.5277991428666207,13.059491044736573
2028,4.165648770509335,9.53360063391927
2029,3.4212704975889165,9.986286461236691
